"Lieu";"Style";;"Type";"Nom";"Rank";"Département";"Source";"Lang";"Présentation";"URL"
"Maillezais";;;"Eglise";"Saint Nicolas";;"Vendée";;;;
"Maillezais";;;"Ancienne Abbaye";"Saint Pierre";;"Vendée";"Conseil Général";"FR";;"http://nieul-maillezais.vendee.fr/ "
"Bonport";;"Cistercien";"Abbaye";"Notre Dame";"*";;"Passion Architecture";"FR";;"http://perso.wanadoo.fr/passion.architecture/imagessite/patrimoine/c.i.bonport.htm"
"Chauvigny";"Saintonge";;"Eglise";"Saint Pierre";"**";"Vienne (86)";"Peach";"FR";;"http://perso.wanadoo.fr/peach/romanes/chausp.htm"
"Civaux";"Saintonge";;;;;"Vienne (86)";"Peach";"FR";;"http://perso.wanadoo.fr/peach/romanes/civaux.htm"
"Poitiers";;;;"Notre Dame La Grande";;"Vienne (86)";"Peach";"FR";;"http://perso.wanadoo.fr/peach/romanes/poitiers%20nd.htm"
"Poitiers";;;;"Notre Dame La Grande";;"Vienne (86)";;"FR";"Présentation et architecture du site";"http://architecture.reli2.free.fr/poitiers_ndg.htm"
"Poitiers";;;;"Notre Dame La Grande";;"Vienne (86)";;"FR";"Sculptures de la façade";"http://www.art-roman.net/poitiersnd.htm"
"Poitiers";;;;"Notre Dame La Grande";;"Vienne (86)";;"FR";"Sculptures de la façade";"http://www.art-roman.net/poitiersnd2.htm"
"Provins";;;;"Saint Quiriace";"***";;"Beloit College";"US";;"http://www.beloit.edu/~arthist/historyofart/gothic/provinsquiriace.htm"
"Beauvais";;;"Cathédrale";"Saint Etienne";"***";"Oise (60)";"Beloit College";"US";;"http://www.beloit.edu/~arthist/historyofart/romanesque/beauvetienne.htm"
"Aulnay";"Saintonge";;"Eglise";"Saint Pierre";;"Vienne (86)";;;;
"Aulnay";"Saintonge";;"Eglise";"Saint Pierre";;"Vienne (86)";;"FR";"Interprétation du protail";"http://pro.wanadoo.fr/quatuor/art_roman_04.htm"
"Chauvigny";"Saintonge";;"Eglise";"Saint Pierre";;"Vienne (86)";;"FR";"Historique";"http://www.angles-gite.com/chauvigny.htm"
"Chauvigny";"Saintonge";;"Eglise";"Saint Pierre";;"Vienne (86)";;"FR";"Extérieur";"http://www.art-roman.net/chauvigny.htm"
"Chauvigny";"Saintonge";;"Eglise";"Saint Pierre";;"Vienne (86)";;"FR";"Intérieur";"http://www.art-roman.net/chauvigny2.htm"
"Chauvigny";"Saintonge";;"Eglise";"Saint Pierre";;"Vienne (86)";;"FR";"Façade";"http://perso.wanadoo.fr/peach/romanes/chausp.htm"
"Chauvigny";"Saintonge";;"Eglise";"Saint Pierre";;"Vienne (86)";;"FR";"Ville";"http://www.francebalade.com/poitou/chauvigny.htm"
"Ercuis";;;"Eglise";"Saint Nicolas";;"Oise (60)";;"FR";" Eglise du XVI eme avec de beaux vitraux. C'est l'ancienne chapelle, dédiée à la Vierge, construite en 1292 par Philippe Le Bel et confiée aux moines de l'abbaye de St Geneviève de Paris. ";
"Saint Bris des Bois";;;"Ancienne Abbaye";"Fondouce";"***";"Charentes Maritime (17)";"Conseil Général";"FR";"Présentation et architecture du site";"http://www.charente-maritime.org/Pays_Saintonge-Romane/patrimoine_roman/Roman_Circuit_01/Roman_Fontdouce.htm"
"Maillezais";;;"Ancienne Abbaye";"Saint Pierre";;"Vendée";;"FR";"Abbaye et histoire";"http://www.paysdelaloire.fr/tourisme/patrimoine/vendee/eglises/maillezais.asp"
"Nouaillé Mauperthuis";;;"Eglise";"Saint Junien";"**";;;"FR";"Extérieur et Intérieur";"http://www.art-roman.net/nouaille.htm"
"Nouaillé Mauperthuis";;;"Eglise";"Saint Junien";" ";;;"FR";"Histoire du diocèse";"http://www.diocese-poitiers.com.fr/patrimoine/nouaillemaupertuis.html"
"Nouaillé Mauperthuis";;;"Eglise";"Saint Junien";" ";;;"FR";"Histoire et animations";"http://www.nouaille-1356.org/"
"Nouaillé Mauperthuis";;;"Eglise";"Saint Junien";" ";;;"FR";"Historique";"http://perso.wanadoo.fr/eve.parot/nouaillehistoire.html"
"Royaumont";;"Cistercien";"Abbaye";;"***";"Val d'Oise (95)";;"FR";"Présentation et architecture";"http://architecture.relig.free.fr/royaumont.htm"
"Royaumont";;"Cistercien";"Abbaye";;"***";"Val d'Oise (95)";"Fondation Royaumont";"FR";"Fondation Royaumont";"http://www.royaumont.com/visite/visitez.htm"
"Saintes";"Saintonge";;"Abbaye";"aux Dames";;"Charentes (16)";;"FR";"Présentation et architecture";"http://architecture.relig.free.fr/saintes_dames.htm"
"Saintes";;;"Abbaye";"aux Dames";;"Charentes (16)";;"FR";"Site et visite";"http://www.charente-maritime.org/Pays_Saintonge-Romane/patrimoine_roman/Saintes/Roman_abbaye_dames.htm"
"Saintes";;;"Eglise";"Saint Eutrope Eglise Basse";;"Charentes (16)";;"FR";"Présentation et architecture";"http://architecture.relig.free.fr/saintes_eutrope.htm"
"Saintes";;;"Eglise";"Saint Eutrope Eglise Haute";;"Charentes (16)";;"FR";"Présentation et architecture";"http://architecture.relig.free.fr/saintes_eutrope.htm"
"Saint Savin sur Gartempe";;;"Eglise";"Saint Savin";;"Vienne (86)";;"FR";;"http://www.art-roman.net/stsavin.htm"
"Saint Savin sur Gartempe";;;"Eglise";"Saint Savin";;"Vienne (86)";;"FR";;"http://www.art-roman.net/stsavin2.htm"
"Saint Savin sur Gartempe";;;"Eglise";"Saint Savin";"*";"Vienne (86)";;"FR";"Eglise et ville";"http://www.francebalade.com/poitou/stsavin.htm"
"Montmorillon";;;"Eglise";"Notre Dame";;"Vienne (86)";;"FR";" l'église Notre-Dame s'appuie sur la crypte Sainte-Catherine, ornée de  fresques médiévales (XIIè siècle) ";"http://perso.wanadoo.fr/ville.montmorillon/notredame.htm"
"Montmorillon";;;"Eglise";"Notre Dame";;"Vienne (86)";;"FR";"Ville";"http://www.ville-montmorillon.fr/"
"Sénanque";"Provence";;"Abbaye";;;;;"FR";"Site des moines";"http://www.senanque.fr/"
"Sénanque";"Provence";;"Abbaye";;;;;"FR";"Historique";"http://www.provenceweb.fr/f/vaucluse/senanque/"
"Silvacanne";"Provence";;"Abbaye";;;;;"FR";"Présentation";"http://www.provenceweb.fr/f/bouches/silvacane/"
"Silvacanne";"Provence";;"Abbaye";;;;;"FR";"Plan";"http://perso.wanadoo.fr/laroque/silva2.htm"
"Silvacanne";"Provence";;"Abbaye";;;;;"FR";"Autres photos";"http://cistels.free.fr/Abbayes/Silvacane/page_photos.htm"
"Sylvanès";;;"Eglise";;;;;"FR";"Historique";"http://www.sylvanes.com/abbaye/Default.htm"
"Sylvanès";;;"Eglise";;;;;"FR";"Positionnement";"http://www.aveyron-decouvertes.com/tourisme_patrimoine/abbaye_sylvanes.htm"
"Thoronet";"Provence";;"Abbaye";;;;;"FR";"Présentation";"http://www.provenceweb.fr/83/centre-var/abbaye.htm"
"Thoronet";"Provence";;"Abbaye";;;;;"FR";"Intérieur";"http://lsinzelle.free.fr/france/provence/thor/thoronet.htm"
"Thoronet";"Provence";;"Abbaye";;;;;"FR";"Visite virtuelle";"http://perso.wanadoo.fr/sylvain.weisse/thoronet/thorof.htm"
"Vézelay";;;;;;;;"FR";"Présentation et architecture";"http://architecture.relig.free.fr/vezelay.htm"
"Vézelay";;;;;;;;"FR";"Histoire";"http://www.bourgogne-tourisme.com/patrimoine/vezelay_.htm"
"Vézelay";;;;;;;;"FR";"Unesco";"http://whc.unesco.org/sites/fr/84.htm"
"Vézelay";;;;;;;;"US";"Architecture et intérieur";"http://www.beloit.edu/~arthist/historyofart/gothic/vezelay.htm"
"Caen";"Normandie";;"Abbaye";"aux Dames";;;;"FR";"Historique";"http://www.cr-basse-normandie.fr/vf/consreg/abbaye/adet.htm"
"Caen";"Normandie";;"Abbaye";"aux Dames";;;;"FR";"Architecture et Chapîteaux";"http://www.art-roman.net/caendames.htm"
"Caen";"Normandie";;"Abbaye";"aux Dames";;;;"FR";"Présentation et architecture";"http://architecture.relig.free.fr/caen_abbayes.htm"
"Caen";"Normandie";;"Abbaye";"aux Hommes";;;;"FR";"Historique";"http://abbaye-aux-hommes.cef.fr/index3.htm"
"Chartres";;;"Cathédrale";"Notre Dame";;;;"FR";"Détails des vitraux";"http://membres.lycos.fr/philetus/Chartres/m/thumbnails.html"
"Chartres";;;"Cathédrale";"Notre Dame";;;;"FR";"Présentation et architecture";"http://architecture.relig.free.fr/chartres.htm"
"Dampierre sur Boutonne";;;"Château";;;;;"FR";"Château";"http://www.chateau-dampierre.com/"
"Dampierre sur Boutonne";;;"Château";;;;;"FR";"Caissons";"http://www.chateau-dampierre.com/caissons.html"
"Dampierre sur Boutonne";;;"Château";;;;;"FR";"Alchimie";"http://www.cgjung.net/alchimie/1997/"
"Dampierre sur Boutonne";;;"Château";;;;;"FR";"Demeure philosophale";"http://www.contrepoints.com/histoire/dampierre/dampierre.html"
"Précy sur Oise";;;"Eglise";"Saint Pierre et Saint Paul";"**";"Oise (60)";;"FR";"Orgue Narcisse Martin";"http://membres.lycos.fr/organum/orgprecy.html"
"Paris";;;"Cathédrale";"Notre Dame";"***";"Paris (75)";;"FR";"Présentation et architecture";"http://architecture.relig.free.fr/ndp.htm"
"Paris";;;"Cathédrale";"Notre Dame";"***";"Paris (75)";;"FR";"Portail Alchimique";"http://architecture.reli2.free.fr/male13.htm"
"Reims";;;"Cathédrale";"Notre Dame";"***";;;"FR";"Présentation et architecture";"http://architecture.relig.free.fr/reims.htm"
"Saint Leu d'Esserent";;;"Abbaye";;"***";;;"US";"Architecture et intérieur";"http://www.beloit.edu/~arthist/historyofart/gothic/stleudesserent.htm"
"Senlis";;;"Cathédrale";;"***";"Oise (60)";;"FR";"Présentation et architecture";"http://architecture.reli2.free.fr/senlis.htm"
"Senlis";;;"Cathédrale";;"***";"Oise (60)";;"FR";"Art et Architecture";"http://www.beloit.edu/~arthist/historyofart/gothic/senlis.htm"
"Paris";;;"Chapelle";"Sainte";"***";"Paris (75)";;"FR";"Présentation et architecture";"http://architecture.relig.free.fr/chapelle.htm"
"Melle";;;"Eglise";"St Savinien et St Hilaire";;"Vienne (86)";;"FR";"Présentation et architecture";"http://www.art-roman.net/melle.htm"
"Saignes";"Cantal";;"Eglise";;;;"Cantal Roman";"FR";;"http://cantalroman.free.fr/Mauriacois/saignes.htm"
"Sauvat";"Cantal";;"Eglise";;;;"Cantal Roman";"FR";;"http://cantalroman.free.fr/Mauriacois/sauvat.htm"
"Lanobre";"Cantal";;"Eglise";;;;"Cantal Roman";"FR";;"http://cantalroman.free.fr/Mauriacois/lanobre.htm"
"Aurillac";"Cantal";;"Eglise";;;;"Cantal Roman";"FR";;"http://cantalroman.free.fr/Aurillacois/bromme.htm"
"Bromme";"Cantal";;"Eglise";;;;"Cantal Roman";"FR";;"http://cantalroman.free.fr/Aurillacois/bromme.htm"
"Gircols";"Cantal";;"Eglise";;;;"Cantal Roman";"FR";;"http://cantalroman.free.fr/Aurillacois/girgols.htm"
"Jou sous Monjou";"Cantal";;"Eglise";;;;"Cantal Roman";"FR";;"http://cantalroman.free.fr/Aurillacois/jou.htm"
"Alleuze";"Cantal";;"Eglise";;;;"Cantal Roman";"FR";;"http://cantalroman.free.fr/sanflorain/alleuze.htm"
"Roffiac";"Cantal";;"Eglise";;;;"Cantal Roman";"FR";;"http://cantalroman.free.fr/sanflorain/roffiac.htm"
"Sainte Anastasie";"Cantal";;"Eglise";;;;"Cantal Roman";"FR";;"http://cantalroman.free.fr/sanflorain/ste_anas.htm"
"Espallion";"Auvergne Rouergue Velay";;;;;;"Roman Romanesque";"FR";;"http://pmarecha.free.fr/roman/rouergue.htm"
"Brioude ";"Auvergne Rouergue Velay";;"Eglise";"Saint Julien";;;"Roman Romanesque";"FR";;"http://pmarecha.free.fr/roman/rouergue.htm"
"Brioude ";"Auvergne Rouergue Velay";;"Eglise";"Saint Julien";;;"Roman Romanesque";"FR";;"http://ourworld.compuserve.com/homepages/Henri_de_Feraudy/stjulien.htm"
"Clermont-Ferrand ";"Auvergne Rouergue Velay";;;;;;"Roman Romanesque";"FR";;"http://pmarecha.free.fr/roman/clermont.htm"
"Conques";"Auvergne Rouergue Velay";;;;;;"Roman Romanesque";"FR";;"http://pmarecha.free.fr/roman/rouergue.htm"
"Lavaudieu";"Auvergne Rouergue Velay";;;;;;"Roman Romanesque";"FR";;"http://pmarecha.free.fr/roman/clermont.htm"
"Le Puy";"Auvergne Rouergue Velay";;;;;;"Roman Romanesque";"FR";;"http://pmarecha.free.fr/roman/clermont.htm"
"Virargu";"Auvergne Rouergue Velay";;;;;;"Roman Romanesque";"FR";;"http://pmarecha.free.fr/roman/rouergue.htm"
"Aleyrac ";"Provence";;;;;;"Roman Romanesque";"FR";;"http://pmarecha.free.fr/roman/tricastin.htm"
"Bonlieu ";"Provence";;;;;;"Roman Romanesque";"FR";;"http://pmarecha.free.fr/roman/provence.htm"
"Comps ";"Provence";;;;;;"Roman Romanesque";"FR";;"http://pmarecha.free.fr/roman/provence.htm"
"Cruas ";"Provence";;;;;;"Roman Romanesque";"FR";;"http://pmarecha.free.fr/roman/provence.htm"
"La Garde-Adhemar";"Provence";;;;;;"Roman Romanesque";"FR";;"http://pmarecha.free.fr/roman/tricastin.htm"
"Larnas ";"Provence";;;;;;"Roman Romanesque";"FR";;"http://pmarecha.free.fr/roman/provence.htm"
"Le Thor ";"Provence";;;;;;"Roman Romanesque";"FR";;"http://pmarecha.free.fr/roman/provence.htm"
"Maguelone ";"Provence";;;;;;"Roman Romanesque";"FR";;"http://pmarecha.free.fr/roman/stgilles.htm"
"Rochebaudin";"Provence";;;;;;"Roman Romanesque";"FR";;"http://pmarecha.free.fr/roman/tricastin.htm"
"Roussas";"Provence";;;;;;"Roman Romanesque";"FR";;"http://pmarecha.free.fr/roman/tricastin.htm"
"Saint Paul Trois Chateaux ";"Provence";;;;;;"Roman Romanesque";"FR";;"http://pmarecha.free.fr/roman/tricastin.htm"
"Saint Restitut";"Provence";;;;;;"Roman Romanesque";"FR";;"http://pmarecha.free.fr/roman/tricastin.htm"
"Saint-Gilles ";"Provence";;;;;;"Roman Romanesque";"FR";;"http://pmarecha.free.fr/roman/stgilles.htm"
"Saint Remy de Provence ";"Provence";;;;;;"Roman Romanesque";"FR";;"http://pmarecha.free.fr/roman/stremy.htm"
"Sénanque ";"Provence";;;;;;"Roman Romanesque";"FR";;"http://pmarecha.free.fr/roman/silvacane.html"
"Silvacane ";"Provence";;;;;;"Roman Romanesque";"FR";;"http://pmarecha.free.fr/roman/silvacane.html"
"Vaison la Romaine ";"Provence";;;;;;"Roman Romanesque";"FR";;"http://pmarecha.free.fr/roman/provence.htm"
"Valaurie ";"Provence";;;;;;"Roman Romanesque";"FR";;"http://pmarecha.free.fr/roman/tricastin.htm"
"Venasque ";"Provence";;;;;;"Roman Romanesque";"FR";;"http://pmarecha.free.fr/roman/provence.htm"
"Angoulême ";"Poitou Saintonge Angoumois";;;;;;"Roman Romanesque";"FR";;"http://pmarecha.free.fr/roman/angoumois.htm"
"Annepont";"Poitou Saintonge Angoumois";;;;;;"Roman Romanesque";"FR";;"http://pmarecha.free.fr/roman/surgeres.htm"
"Aulnay ";"Poitou Saintonge Angoumois";;;;;;"Roman Romanesque";"FR";;"http://pmarecha.free.fr/roman/aulnay.htm"
"Beurlay";"Poitou Saintonge Angoumois";;;;;;"Roman Romanesque";"FR";;"http://pmarecha.free.fr/roman/charente.html"
"Biron ";"Poitou Saintonge Angoumois";;;;;;"Roman Romanesque";"FR";;"http://pmarecha.free.fr/roman/charente.html"
"Chadenac ";"Poitou Saintonge Angoumois";;;;;;"Roman Romanesque";"FR";;"http://pmarecha.free.fr/roman/charente.html"
"Champagne ";"Poitou Saintonge Angoumois";;;;;;"Roman Romanesque";"FR";;"http://pmarecha.free.fr/roman/charente.html"
"Châteauneuf-sur-Charente";"Poitou Saintonge Angoumois";;;;;;"Roman Romanesque";"FR";;"http://pmarecha.free.fr/roman/charente.html"
"Civray ";"Poitou Saintonge Angoumois";;;;;;"Roman Romanesque";"FR";;"http://pmarecha.free.fr/roman/poitousud.htm"
"Combelaval  ";"Poitou Saintonge Angoumois";;;;;;"Roman Romanesque";"FR";;"http://pmarecha.free.fr/roman/angoumois.htm"
"Corme Ecluse ";"Poitou Saintonge Angoumois";;;;;;"Roman Romanesque";"FR";;"http://pmarecha.free.fr/roman/charente.html"
"Echebrune ";"Poitou Saintonge Angoumois";;;;;;"Roman Romanesque";"FR";;"http://pmarecha.free.fr/roman/charente.html"
"Echillais ";"Poitou Saintonge Angoumois";;;;;;"Roman Romanesque";"FR";;"http://pmarecha.free.fr/roman/charente.html"
"Ecoyeux ";"Poitou Saintonge Angoumois";;;;;;"Roman Romanesque";"FR";;"http://pmarecha.free.fr/roman/charente.html"
"Fenioux";"Poitou Saintonge Angoumois";;;;;;"Roman Romanesque";"FR";;"http://pmarecha.free.fr/roman/surgeres.htm"
"Le Douhet";"Poitou Saintonge Angoumois";;;;;;"Roman Romanesque";"FR";;"http://pmarecha.free.fr/roman/surgeres.htm"
"Marignac ";"Poitou Saintonge Angoumois";;;;;;"Roman Romanesque";"FR";;"http://pmarecha.free.fr/roman/charente.html"
"Melle ";"Poitou Saintonge Angoumois";;;;;;"Roman Romanesque";"FR";;"http://pmarecha.free.fr/roman/poitousud.htm"
"Pérignac ";"Poitou Saintonge Angoumois";;;;;;"Roman Romanesque";"FR";;"http://pmarecha.free.fr/roman/charente.html"
"Poitiers";"Poitou Saintonge Angoumois";;;;;;"Roman Romanesque";"FR";;"http://pmarecha.free.fr/roman/poitousud.htm"
"Rioux ";"Poitou Saintonge Angoumois";;;;;;"Roman Romanesque";"FR";;"http://pmarecha.free.fr/roman/charente.html"
"Saintes ";"Poitou Saintonge Angoumois";;;;;;"Roman Romanesque";"FR";;"http://pmarecha.free.fr/roman/saintes.htm"
"Surgères ";"Poitou Saintonge Angoumois";;;;;;"Roman Romanesque";"FR";;"http://pmarecha.free.fr/roman/surgeres.htm"
"Talmont ";"Poitou Saintonge Angoumois";;;;;;"Roman Romanesque";"FR";;"http://pmarecha.free.fr/roman/talmont.htm"
"Tesson ";"Poitou Saintonge Angoumois";;;;;;"Roman Romanesque";"FR";;"http://pmarecha.free.fr/roman/charente.html"
"Moissac ";"Périgord Gascogne Quercy";;;;;;"Roman Romanesque";"FR";;"http://pmarecha.free.fr/roman/moissac.htm"
"Périgueux";"Périgord Gascogne Quercy";;;;;;"Roman Romanesque";"FR";;"http://pmarecha.free.fr/roman/perigord.html"
"St Jean de Cole ";"Périgord Gascogne Quercy";;;;;;"Roman Romanesque";"FR";;"http://pmarecha.free.fr/roman/perigord.html"
"Souillac ";"Périgord Gascogne Quercy";;;;;;"Roman Romanesque";"FR";;"http://pmarecha.free.fr/roman/perigord.html"
"Thiviers";"Périgord Gascogne Quercy";;;;;;"Roman Romanesque";"FR";;"http://pmarecha.free.fr/roman/perigord.html"
"Autun";"Bourgogne";;;;;;"Roman Romanesque";"FR";;"http://pmarecha.free.fr/roman/bourgogne.htm"
"Beaune ";"Bourgogne";;;;;;"Roman Romanesque";"FR";;"http://pmarecha.free.fr/roman/bourgogne.htm"
"La Charité-sur-Loire";"Bourgogne";;;;;;"Roman Romanesque";"FR";;"http://pmarecha.free.fr/roman/bourgogne.htm"
"Fontenay";"Bourgogne";;;;;;"Roman Romanesque";"FR";;"http://pmarecha.free.fr/roman/bourgogne.htm"
"Saulieu";"Bourgogne";;;;;;"Roman Romanesque";"FR";;"http://pmarecha.free.fr/roman/bourgogne.htm"
"Saint Aignan ";"Bourgogne";;;;;;"Roman Romanesque";"FR";;"http://pmarecha.free.fr/roman/bourgogne.htm"
"Tournus ";"Bourgogne";;;;;;"Roman Romanesque";"FR";;"http://pmarecha.free.fr/roman/bourgogne.htm"
"Vézelay";"Bourgogne";;;;;;"Roman Romanesque";"FR";;"http://pmarecha.free.fr/roman/bourgogne.htm"
"Agen";"Agenais Bordelais";;;;;;"Roman Romanesque";"FR";;"http://pmarecha.free.fr/roman/aquitaine.htm"
"Blasimon ";"Agenais Bordelais";;;;;;"Roman Romanesque";"FR";;"http://pmarecha.free.fr/roman/aquitaine.htm"
"Galgon ";"Agenais Bordelais";;;;;;"Roman Romanesque";"FR";;"http://pmarecha.free.fr/roman/aquitaine.htm"
"Layrac";"Agenais Bordelais";;;;;;"Roman Romanesque";"FR";;"http://pmarecha.free.fr/roman/aquitaine.htm"
"Moirax";"Agenais Bordelais";;;;;;"Roman Romanesque";"FR";;"http://pmarecha.free.fr/roman/aquitaine.htm"
"Saint-Vivien ";"Agenais Bordelais";;;;;;"Roman Romanesque";"FR";;"http://pmarecha.free.fr/roman/aquitaine.htm"
"La Lande-de-Fronsac ";"Agenais Bordelais";;;;;;"Roman Romanesque";"FR";;"http://pmarecha.free.fr/roman/aquitaine.htm"
"Quimper";"Bretagne";;;;;;"Roman Romanesque";"FR";;"http://pmarecha.free.fr/roman/bretagne.htm"
"Quimperlé";"Bretagne";;;;;;"Roman Romanesque";"FR";;"http://pmarecha.free.fr/roman/bretagne.htm"
"Benet ";"Vendée";;;;;;"Roman Romanesque";"FR";;"http://pmarecha.free.fr/roman/gatine.htm"
"Fontaines ";"Vendée";;;;;;"Roman Romanesque";"FR";;"http://pmarecha.free.fr/roman/gatine.htm"
"Foussais ";"Vendée";;;;;;"Roman Romanesque";"FR";;"http://pmarecha.free.fr/roman/gatine.htm"
"Oulmes ";"Vendée";;;;;;"Roman Romanesque";"FR";;"http://pmarecha.free.fr/roman/gatine.htm"
"Serigne ";"Vendée";;;;;;"Roman Romanesque";"FR";;"http://pmarecha.free.fr/roman/gatine.htm"
"Vouvant ";"Vendée";;;;;;"Roman Romanesque";"FR";;"http://pmarecha.free.fr/roman/gatine.htm"
"Vézelay";;;;;;;"Pitt University";"US";"Plan";"http://vrcoll.fa.pitt.edu/medart/menufrance/vezelay/vezintro.html"
"Saint Denis";;;"Basilique";;;;"Pitt University";"US";"Plan";"http://vrcoll.fa.pitt.edu/medart/menufrance/sdenis/sdenmain.html"
"Poitiers";;;;"Notre Dame la Grande";;;"Pitt University";"US";"Plan";"http://vrcoll.fa.pitt.edu/medart/menufrance/Poitiers/Notre-Dame-De-La-Grande/Poitiers-NDG-main.html"
"Toulouse";;;;"Saint Sernin";;;"Pitt University";"US";"Plan";"http://vrcoll.fa.pitt.edu/medart/menufrance/Toulouse/SSernin/Toulouse-SSernin-main.html"
"Senlis";;;;;;;"Pitt University";"US";"Plan";"http://www.pitt.edu/~medart/menufrance/senlmain.html"
"Saint Benoit sur Loire";;"Bénédictin";"Abbaye";"Saint Benoit";;;"Pitt University";"US";"Plan";"http://www.pitt.edu/~medart/menufrance/sbenmain.html"
"Saintes ";"Saintonge";;"Eglise";"Saint Eutrope";"***";;"Pitt University";"US";"Plan";"http://www.pitt.edu/~medart/menufrance/sainseut.html"
"Saintes ";"Saintonge";;"Abbaye";"aux Dames";"**";;"Pitt University";"US";"Plan";"http://www.pitt.edu/~medart/menufrance/sainabbd.html"
"Fréjus";;;"Cathédrale";;;;"Pitt University";"US";"Plan";"http://vrcoll.fa.pitt.edu/medart/image/France/Frejus/Frejus-Bapt-main.html"
"St Jacques-des-Guérets";"Vallée du Loir";;;;"***";;"Art-Roman.net";"FR";;"http://www.art-roman.net/st-j-des-g1.htm"
"Montoire";"Vallée du Loir";;;;"***";;"Art-Roman.net";"FR";;"http://www.art-roman.net/montoire.htm"
"Lavardin";"Vallée du Loir";;;;"***";;"Art-Roman.net";"FR";;"http://www.art-roman.net/lavardin.htm"
"Areines";"Vallée du Loir";;;;"***";;"Art-Roman.net";"FR";;"http://www.art-roman.net/areines.htm"
"Chauvigny";"Poitou roman";;;;"***";;"Art-Roman.net";"FR";;"http://www.art-roman.net/chauvigny.htm"
"St Pierre-les-Eglises";"Poitou roman";;;;"***";;"Art-Roman.net";"FR";;"http://www.art-roman.net/st-p-des-eglises.htm"
"Poitiers";"Poitou roman";;;"Notre Dame la Grande";"***";;"Art-Roman.net";"FR";;"http://www.art-roman.net/poitiersnd.htm"
"Saint-Jouin-de-Marne";"Poitou roman";;;;"***";;"Art-Roman.net";"FR";;"http://www.art-roman.net/stjouin.htm"
"Saint-Savin";"Poitou roman";;;;"***";;"Art-Roman.net";"FR";;"http://www.art-roman.net/stsavin.htm"
"Poitiers";"Poitou roman";;;"Saint Hilaire";"***";;"Art-Roman.net";"FR";;"http://www.art-roman.net/poitierssh.htm"
"Nouaillé-Maupertuis";"Poitou roman";;;;"***";;"Art-Roman.net";"FR";;"http://www.art-roman.net/nouaille.htm"
"Aulnay-de-Saintonge";"Poitou roman";;;"Saint Pierre";"***";;"Art-Roman.net";"FR";;"http://www.art-roman.net/aulnay.htm"
"Poitiers";"Poitou roman";;;"Sainte Radegonde";"***";;"Art-Roman.net";"FR";;"http://www.art-roman.net/poitierssr.htm"
"Airvault";"Poitou roman";;;;"***";;"Art-Roman.net";"FR";;"http://www.art-roman.net/airvault.htm"
"Melle";"Poitou roman";;;;"***";;"Art-Roman.net";"FR";;"http://www.art-roman.net/melle.htm"
"Nevers";"Nivernais roman";;;"Saint Etienne";"***";;"Art-Roman.net";"FR";;"http://www.art-roman.net/nevers.htm"
"Donzy-le-pré";"Nivernais roman";;;;"***";;"Art-Roman.net";"FR";;"http://www.art-roman.net/donzy.htm"
"La Charité-sur-Loire";"Nivernais roman";;;;"***";;"Art-Roman.net";"FR";;"http://www.art-roman.net/charite.htm"
"Saint-Parize-le-Châtel";"Nivernais roman";;;;"***";;"Art-Roman.net";"FR";;"http://www.art-roman.net/stparize.htm"
"Tournus";"Bourgogne romane";;;"Saint Philibert";"***";;"Art-Roman.net";"FR";;"http://www.art-roman.net/tournus.htm"
"Anzy-le-Duc";"Bourgogne romane";;;;"***";;"Art-Roman.net";"FR";;"http://www.art-roman.net/anzy.htm"
"Chapaize";"Bourgogne romane";;;;"***";;"Art-Roman.net";"FR";;"http://www.art-roman.net/chapaize.htm"
"Autun";"Bourgogne romane";;"Cathédrale";;"***";;"Art-Roman.net";"FR";;"http://www.art-roman.net/autun.htm"
"Berzé-la-Ville";"Bourgogne romane";;;;"***";;"Art-Roman.net";"FR";;"http://www.art-roman.net/berze.htm"
"Vézelay";"Bourgogne romane";;;;"***";;"Art-Roman.net";"FR";;"http://www.art-roman.net/vezelay/vezelay.htm"
"Morienval";"Ile-de-France romane";;;;"***";;"Art-Roman.net";"FR";;"http://www.art-roman.net/morienval.htm"
"Saint-Loup-de-Naud";"Ile-de-France romane";;;;"***";;"Art-Roman.net";"FR";;"http://www.art-roman.net/stloupdn.htm"
"Poncé-sur-le-Loir";"Maine roman";;;;"***";;"Art-Roman.net";"FR";;"http://www.art-roman.net/ponce.htm"
"Saint-Fraimbault";"Maine roman";;;;"***";;"Art-Roman.net";"FR";;"http://www.art-roman.net/stfraimbault.htm"
"Mont-Saint-Martin";"Lorraine romane";;;;"***";;"Art-Roman.net";"FR";;"http://www.art-roman.net/montstm.htm"
"Pompierre";"Lorraine romane";;;;"***";;"Art-Roman.net";"FR";;"http://www.art-roman.net/pompierre.htm"
"Champ-le-Duc";"Lorraine romane";;;;"***";;"Art-Roman.net";"FR";;"http://www.art-roman.net/champleduc.htm"
"Mont-devant-Sassey ";"Lorraine romane";;;;"***";;"Art-Roman.net";"FR";;"http://www.art-roman.net/montdevantsassey.htm"
"Conques";"Rouergue roman";;;;"***";;"Art-Roman.net";"FR";;"http://www.art-roman.net/conques/conques.htm"
"Bessuéjouls";"Rouergue roman";;;;"***";;"Art-Roman.net";"FR";;"http://www.art-roman.net/bessuejouls/bessuejouls.htm"
"Perse (espalion)";"Rouergue roman";;;;"***";;"Art-Roman.net";"FR";;"http://www.art-roman.net/perse/perse.htm"
"Cayssac";"Rouergue roman";;;;"***";;"Art-Roman.net";"FR";;"http://www.art-roman.net/cayssac/cayssac.htm"
"Bozouls";"Rouergue roman";;;;"***";;"Art-Roman.net";"FR";;"http://www.art-roman.net/bozouls/bozouls.htm"
"Neuvy-Saint-Sépulcre";"Berry roman";;;;"***";;"Art-Roman.net";"FR";;"http://www.art-roman.net/neuvy.htm"
"Brinay";"Berry roman";;;;"***";;"Art-Roman.net";"FR";;"http://www.art-roman.net/brinay.htm"
"Plaimpied";"Berry roman";;;;"***";;"Art-Roman.net";"FR";;"http://www.art-roman.net/plaimpied.htm"
"Neuilly-en-Dun";"Berry roman";;;;"***";;"Art-Roman.net";"FR";;"http://www.art-roman.net/neuilly-en-d.htm"
"Nohant-Vicq";"Berry roman";;;;"***";;"Art-Roman.net";"FR";;"http://www.art-roman.net/nohant.htm"
"Rucqueville";"Normandie romane";;;;"***";;"Art-Roman.net";"FR";;"http://www.art-roman.net/rucqueville.htm"
"Caen";"Normandie romane";;"Abbaye";"aux Dames";"***";;"Art-Roman.net";"FR";;"http://www.art-roman.net/caendames.htm"
"Lessay";"Normandie romane";;;;"***";;"Art-Roman.net";"FR";;"http://www.art-roman.net/lessay.htm"
"Tollevast";"Normandie romane";;;;"***";;"Art-Roman.net";"FR";;"http://www.art-roman.net/tollevast.htm"
"Cerisy-la-Forêt";"Normandie romane";;;;"***";;"Art-Roman.net";"FR";;"http://www.art-roman.net/cerisy.htm"
"Huriel";"Bourbonnais roman";;;;"***";;"Art-Roman.net";"FR";;"http://www.art-roman.net/huriel.htm"
"Saint-Désiré";"Bourbonnais roman";;;;"***";;"Art-Roman.net";"FR";;"http://www.art-roman.net/stdesire.htm"
"Saint-Menoux";"Bourbonnais roman";;;;"***";;"Art-Roman.net";"FR";;"http://www.art-roman.net/stmenoux.htm"
"Bourbon-l'Archambault";"Bourbonnais roman";;;;"***";;"Art-Roman.net";"FR";;"http://www.art-roman.net/bourbonlar.htm"
"La Garde-Adhémar";"Provence romane";;;;"***";;"Art-Roman.net";"FR";;"http://www.art-roman.net/gardead.htm"
"Montmajour";"Provence romane";;;;"***";;"Art-Roman.net";"FR";;"http://www.art-roman.net/montmajour.htm"
"Saint-Paul-de-Mausolle";"Provence romane";;;;"***";;"Art-Roman.net";"FR";;"http://www.art-roman.net/mausolle.htm"
"Saint-Paul-Trois-Châteaux";"Provence romane";;;;"***";;"Art-Roman.net";"FR";;"http://www.art-roman.net/stpaultrois.htm"
"Aleyrac";"Provence romane";;;;"***";;"Art-Roman.net";"FR";;"http://www.art-roman.net/aleyrac.htm"
"Vaison-la-romaine";"Provence romane";;;;"***";;"Art-Roman.net";"FR";;"http://www.art-roman.net/vaison.htm"
"Arles";"Provence romane";;;;"***";;"Art-Roman.net";"FR";;"http://www.art-roman.net/arles.htm"
"Parthenay-le-Vieux";"Vendée romane";;;;"***";;"Art-Roman.net";"FR";;"http://www.art-roman.net/parthenay.htm"
"La Chaize-le-Vicomte";"Vendée romane";;;;"***";;"Art-Roman.net";"FR";;"http://www.art-roman.net/chaize.htm"
"Vouvant";"Vendée romane";;;;"***";;"Art-Roman.net";"FR";;"http://www.art-roman.net/vouvant.htm"
"Foussais";"Vendée romane";;;;"***";;"Art-Roman.net";"FR";;"http://www.art-roman.net/foussais.htm"
"Orcival";"Auvergne romane";;;;"***";;"Art-Roman.net";"FR";;"http://www.art-roman.net/orcival.htm"
"Mauriac";"Auvergne romane";;;;"***";;"Art-Roman.net";"FR";;"http://www.art-roman.net/mauriac/mauriac.htm"
"Brioude";"Auvergne romane";;;;"***";;"Art-Roman.net";"FR";;"http://www.art-roman.net/brioude/brioude.htm"
"Mozac";"Auvergne romane";;;;"***";;"Art-Roman.net";"FR";;"http://www.art-roman.net/mozac/mozac.htm"
"Issoire";"Auvergne romane";;;;"***";;"Art-Roman.net";"FR";;"http://www.art-roman.net/issoire/issoire.htm"
"Albi";;;"Cathédrale";"Sainte Cécile";"***";"Tarn";"Architecture Religieuse";"FR";;"http://architecture.relig.free.fr/albi.htm"
"Amiens";;;"Cathédrale";"Notre Dame  ";"***";"Somme";"Architecture Religieuse";"FR";;"http://architecture.relig.free.fr/amiens.htm"
"Angers";;;"Cathédrale";"Saint Maurice";"***";"Maine et Loire";"Architecture Religieuse";"FR";;"http://architecture.reli2.free.fr/angers.htm"
"Autun";;;"Cathédrale";"Saint Lazare";"***";"Saône et Loire";"Architecture Religieuse";"FR";;"http://architecture.relig.free.fr/autun.htm"
"Avignon";;;"Cathédrale";"Notre Dame des Doms";"***";"Vaucluse";"Architecture Religieuse";"FR";;"http://architecture.reli2.free.fr/avignon_doms.htm"
"Bayeux";;;"Cathédrale";"Notre Dame";"***";"Calvados";"Architecture Religieuse";"FR";;"http://architecture.relig.free.fr/bayeux.htm"
"Beauvais";;;"Cathédrale";"Saint Pierre";"***";"Oise";"Architecture Religieuse";"FR";;"http://architecture.relig.free.fr/bvs.htm"
"Bourges";;;"Cathédrale";"Saint Etienne";"***";"Cher";"Architecture Religieuse";"FR";;"http://architecture.relig.free.fr/bourges.htm"
"Bourges";;;"Cathédrale";"Saint Etienne";"***";"Cher";;"FR";"Vitraux";"http://membres.lycos.fr/philetus/Bourges/indexfr.htm"
"Cahors";;;"Cathédrale";"Saint Etienne";"***";"Lot";"Architecture Religieuse";"FR";;"http://architecture.relig.free.fr/cahors.htm"
"Chartres";;;"Cathédrale";"Notre Dame";"***";"Eure et Loir";"Architecture Religieuse";"FR";;"http://architecture.reli2.free.fr/chartres.htm"
"Dijon";;;"Cathédrale";"Saint Benigne";"***";"Côte d'Or";"Architecture Religieuse";"FR";;"http://architecture.relig.free.fr/dijon_benigne.htm"
"Elne";;;"Cathédrale";"Sainte Eulalie";"***";"Pyrénées Orientales";"Architecture Religieuse";"FR";;"http://architecture.relig.free.fr/elne.htm"
"Laon";;;"Cathédrale";"Notre Dame";"***";"Aisne";"Architecture Religieuse";"FR";;"http://architecture.relig.free.fr/laon.htm"
"Lodève";;;"Cathédrale";"Saint Fulcran";"***";"Hérault";"Architecture Religieuse";"FR";;"http://architecture.reli2.free.fr/lodeve.htm"
"Lyon";;;"Cathédrale";"Saint Jean";"***";"Rhône";"Architecture Religieuse";"FR";;"http://architecture.relig.free.fr/lyon_jean.htm"
"Lyon";;;"Primatiale";"Saint-Jean-Baptiste";"**";"Rhône";"Notes Romanes";"FR";;"http://notes.romanes.free.fr/images/rhone/lyon/stjean/photos.htm"
"Lyon";;;"Basilique";"Saint-Martin d'Ainay";"***";"Rhône";"Notes Romanes";"FR";;"http://notes.romanes.free.fr/images/rhone/lyon/ainay/photos.htm"
"Lyon";;;"Eglise";"Saint Paul";"*";"Rhône";"Notes Romanes";"FR";;"http://notes.romanes.free.fr/images/rhone/lyon/stpaul/photos.htm"
"Aigueperse";;;"Eglise";"Sainte Marie Magdeleine";"*";"Rhône";"Notes Romanes";"FR";;"http://notes.romanes.free.fr/images/rhone/aigueperse/photos.htm"
"Belleville";;;"Eglise";"Notre Dame de Miséricorde";;"Rhône";"Notes Romanes";"FR";;"http://notes.romanes.free.fr/images/rhone/belleville/photos.htm"
"Charnay";;;"Eglise";"Saint Christophe";"**";"Rhône";"Notes Romanes";"FR";;"http://notes.romanes.free.fr/images/rhone/charnay/photos.htm"
"Chatillon d'Azergues";;;"Chapelle";"Notre-Dame-duBon-Secours";;"Rhône";"Notes Romanes";"FR";;"http://notes.romanes.free.fr/images/rhone/chatillon/photos.htm"
"Salles-Arbuissonas-en-Beaujolais";;;"Eglise";"Saint Martin";"***";"Rhône";"Notes Romanes";"FR";;"http://notes.romanes.free.fr/images/rhone/salles/photos.htm"
"Taluyers";;;"Eglise";"Sainte Marie";"***";"Rhône";"Notes Romanes";"FR";;"http://notes.romanes.free.fr/images/rhone/taluyers/photos.htm"
"Mans";;;"Cathédrale";"Saint Julien";"***";"Sarthe";"Architecture Religieuse";"FR";;"http://architecture.reli2.free.fr/mans.htm"
"Meaux";;;"Cathédrale";"Saint Etienne";"***";"Seine et Marne";"Architecture Religieuse";"FR";;"http://architecture.relig.free.fr/meaux.htm"
"Metz";;;"Cathédrale";"Saint Etienne";"***";"Moselle";"Architecture Religieuse";"FR";;"http://architecture.relig.free.fr/metz.htm"
"Narbonne";;;"Cathédrale";"Saint Just et Saint Pasteur";"***";"Aude";"Architecture Religieuse";"FR";;"http://architecture.reli2.free.fr/narbonne.htm"
"Noyon";;;"Cathédrale";"Notre Dame";"***";"Oise";"Architecture Religieuse";"FR";;"http://architecture.relig.free.fr/noyon.htm"
"Paris";;;"Cathédrale";"Notre Dame";"***";"Paris";"Architecture Religieuse";"FR";;"http://architecture.relig.free.fr/ndp.htm"
"Le Puy";;;"Cathédrale";"Notre Dame";"***";"Haute-Loire";"Architecture Religieuse";"FR";;"http://architecture.reli2.free.fr/puy.htm"
"Reims";;;"Cathédrale";"Notre Dame";"***";"Marne";"Architecture Religieuse";"FR";;"http://architecture.relig.free.fr/reims.htm"
"Rodez";;;"Cathédrale";"Notre Dame";"***";"Aveyron";"Architecture Religieuse";"FR";;"http://architecture.relig.free.fr/rodez.htm"
"Rouen";;;"Cathédrale";"Notre Dame";"***";"Seine Maritime";"Architecture Religieuse";"FR";;"http://architecture.relig.free.fr/rouen.htm"
"Saint Bertrand de Comminges";;;"Cathédrale";"Sainte-Marie";"***";"Haute-Garonne";"Architecture Religieuse";"FR";;"http://architecture.relig.free.fr/comminges.htm"
"Saint Denis";;;"Basilique";"Notre Dame";"***";"Seine Saint Denis";"Architecture Religieuse";"FR";;"http://architecture.relig.free.fr/denis.htm"
"Senlis";;;"Cathédrale";"Notre Dame";"***";"Oise";"Architecture Religieuse";"FR";;"http://architecture.reli2.free.fr/senlis.htm"
"Soissons ";;;"Cathédrale";"Saint Gervais et Saint Protais";"***";"Aisne";"Architecture Religieuse";"FR";;"http://architecture.relig.free.fr/soissons.htm"
"Strasbourg";;;"Cathédrale";"Notre Dame";"***";"Bas-Rhin";"Architecture Religieuse";"FR";;"http://architecture.relig.free.fr/strasbourg.htm"
"Alet les Bains";;;"Abbaye";;"***";;"Architecture Religieuse";"FR";;"http://architecture.relig.free.fr/alet.htm"
"Arles-sur-Tech";;;"Abbaye";;"***";;"Architecture Religieuse";"FR";;"http://architecture.reli2.free.fr/arles_tech.htm"
"Beaulieu";;;"Abbaye";;"***";;"Architecture Religieuse";"FR";;"http://architecture.relig.free.fr/beaulieu.htm"
"Beaulieu-lèsloches";;;"Abbaye";;"***";;"Architecture Religieuse";"FR";;"http://architecture.reli2.free.fr/beaulieu_loches.htm"
"Beaulieu-sur-Dordogne";;;"Abbaye";;"***";;"Architecture Religieuse";"FR";;"http://architecture.reli2.free.fr/beaulieu_dordogne.htm"
"Caen";;;"Abbaye";;"***";;"Architecture Religieuse";"FR";;"http://architecture.relig.free.fr/caen_abbayes.htm"
"Saint Martin du Canigou";;;"Abbaye";;"***";;"Architecture Religieuse";"FR";;"http://architecture.relig.free.fr/canigou.htm"
"Caunes-Minervois";;;"Abbaye";;"***";;"Architecture Religieuse";"FR";;"http://architecture.reli2.free.fr/caunes.htm"
"Chaalis";;;"Abbaye";;"***";;"Architecture Religieuse";"FR";;"http://architecture.relig.free.fr/chaalis.htm"
"Cluny";;;"Abbaye";;"***";;"Architecture Religieuse";"FR";;"http://architecture.relig.free.fr/cluny.htm"
"Conques";;;"Abbaye";;"***";;"Architecture Religieuse";"FR";;"http://architecture.relig.free.fr/conques.htm"
"Epau";;;"Abbaye";;"***";;"Architecture Religieuse";"FR";;"http://architecture.reli2.free.fr/epau.htm"
"Fontaine Guérard";;;"Abbaye";;"***";;"Architecture Religieuse";"FR";;"http://architecture.reli2.free.fr/fontaine_guerard.htm"
"Fontevraud";;;"Abbaye";;"***";;"Architecture Religieuse";"FR";;"http://architecture.reli2.free.fr/fontevraud.htm"
"Fontfroide";;;"Abbaye";;"***";;"Architecture Religieuse";"FR";;"http://architecture.relig.free.fr/fontfroide.htm"
"Jumiège";;;"Abbaye";;"***";;"Architecture Religieuse";"FR";;"http://architecture.relig.free.fr/jumieges.htm"
"Lagrasse";;;"Abbaye";;"***";;"Architecture Religieuse";"FR";;"http://architecture.reli2.free.fr/lagrasse.htm"
"Marcevol";;;"Prieuré";;"***";;"Architecture Religieuse";"FR";;"http://architecture.reli2.free.fr/marcevol.htm"
"Moissac";;"Cistercien";"Abbaye";;"***";;"Architecture Religieuse";"FR";;"http://architecture.relig.free.fr/moissac.htm"
"Noirlac";;"Cistercien";"Abbaye";;"***";;"Architecture Religieuse";"FR";;"http://architecture.relig.free.fr/noirlac.htm"
"Ourscamp";;;"Abbaye";;"***";"Oise";"Architecture Religieuse";"FR";;"http://architecture.relig.free.fr/ourscamp.htm"
"Royaumont";;;"Abbaye";;"***";;"Architecture Religieuse";"FR";;"http://architecture.relig.free.fr/royaumont.htm"
"Saint Benoît sur Loire";;;"Abbaye";;"***";;"Architecture Religieuse";"FR";;"http://architecture.reli2.free.fr/benoit_loire.htm"
"Boscherville";;;"Abbaye";"Saint Georges";"***";"Val d'Oise";"Architecture Religieuse";"FR";;"http://architecture.relig.free.fr/boscherville.htm"
"Saint Germer de Fly";;;"Abbaye";;"***";"Oise";"Architecture Religieuse";"FR";;"http://architecture.relig.free.fr/germer.htm"
"Saint Guilhem le Désert";;;"Abbaye";;"***";"Hérault";"Architecture Religieuse";"FR";;"http://architecture.reli2.free.fr/guilhem.htm"
"Saint Papoul";;;"Abbaye";;"***";;"Architecture Religieuse";"FR";;"http://architecture.relig.free.fr/papoul.htm"
"Saint Wandrille";;;"Abbaye";;"***";"Seine Maritime";"Architecture Religieuse";"FR";;"http://architecture.relig.free.fr/wandrille.htm"
"Souillac";;;"Abbaye";;"***";;"Architecture Religieuse";"FR";;"http://architecture.reli2.free.fr/souillac.htm"
"Serrabone";;;"Prieuré";;"***";;"Architecture Religieuse";"FR";;"http://architecture.reli2.free.fr/serrabone.htm"
"Toulouse";;;"Couvent";"des Jacobins";"***";;"Architecture Religieuse";"FR";;"http://architecture.reli2.free.fr/toulouse_jacobins.htm"
"Villeneuve-lès-Avignon";;;"Chartreuse";"Val de Bénédiction";"***";"Gard";"Architecture Religieuse";"FR";;"http://architecture.reli2.free.fr/avignon_chartreuse.htm"
"Vauclair";;;"Abbaye";;"***";"Aisne";"Architecture Religieuse";"FR";;"http://architecture.relig.free.fr/vauclair.htm"
"Vendôme";;;"Abbaye";;"***";"Loir et Cher";"Architecture Religieuse";"FR";;"http://architecture.reli2.free.fr/vendome.htm"
"Vézelay";;;"Abbaye";;"***";;"Architecture Religieuse";"FR";;"http://architecture.relig.free.fr/vezelay.htm"
"Villelongue";;"Cistercien";"Abbaye";;"***";"Aude";"Architecture Religieuse";"FR";;"http://architecture.reli2.free.fr/villelongue.htm"
"Villefranche de Rouergue ";;;"Chartreuse";"Saint Sauveur";"***";"Aveyron";"Architecture Religieuse";"FR";;"http://architecture.relig.free.fr/sauveur.htm"
"Avignon";;;"Chapelle";"Palais des Papes";"***";"Vaucluse";"Architecture Religieuse";"FR";;"http://architecture.reli2.free.fr/avignon_papes.htm"
"Avignon";;;"Chapelle";"pont Saint Bénezet";"***";"Vaucluse";"Architecture Religieuse";"FR";;"http://architecture.reli2.free.fr/avignon_benezet.htm"
"Beauvais";;;"Eglise";"Saint Etienne ";"***";"Oise";"Architecture Religieuse";"FR";;"http://architecture.relig.free.fr/beauv.htm"
"Carcassonne";;;"Eglise";"Saint Nazaire";"***";"Aude";"Architecture Religieuse";"FR";;"http://architecture.reli2.free.fr/nazaire.htm"
"Carcassonne";;;"Eglise";"Saint Michel et Saint Vincent ";"***";"Aude";"Architecture Religieuse";"FR";;"http://architecture.reli2.free.fr/carcassonne_michel.htm"
"Castelnaudary";;;"Eglise";"Saint Michel ";"***";"Aude";"Architecture Religieuse";"FR";;"http://architecture.relig.free.fr/castelnaudary.htm"
"Corneilla de Conflent";;;"Eglise";"Sainte Marie";"***";"Pyrénées Orientales";"Architecture Religieuse";"FR";;"http://architecture.reli2.free.fr/corneilla.htm"
"Cunault";;;"Eglise";"Notre Dame";"***";"Maine et Loire";"Architecture Religieuse";"FR";;"http://architecture.reli2.free.fr/cunault.htm"
"Dijon";;;"Eglise";"Notre Dame";"***";"Côte d'Or";"Architecture Religieuse";"FR";;"http://architecture.relig.free.fr/dijon_dame.htm"
"Germigny des Prés";;;"Eglise";;"***";"Loiret";"Architecture Religieuse";"FR";;"http://architecture.reli2.free.fr/germigny.htm"
"Loches";;;"Eglise";"Saint Ours";"***";"Indre et Loire";"Architecture Religieuse";"FR";;"http://architecture.reli2.free.fr/loches.htm"
"Morienval";;;"Eglise";"Notre Dame";"***";"Oise";"Architecture Religieuse";"FR";;"http://architecture.relig.free.fr/morienval.htm"
"Paris";;;"Eglise";"Saint Germain l'Auxerrois";"***";"Paris";"Architecture Religieuse";"FR";;"http://architecture.relig.free.fr/auxerrois.htm"
"Paris";;;"Chapelle";"Sainte Chapelle";"***";"Paris";"Architecture Religieuse";"FR";;"http://architecture.relig.free.fr/chapelle.htm"
"Espalion";;;"Eglise";"Saint Hilarian de Perse";"***";"Aveyron";"Architecture Religieuse";"FR";;"http://architecture.reli2.free.fr/perse.htm"
"Poitiers";;;"Eglise";"Notre Dame la Grande";"***";"Vienne";"Architecture Religieuse";"FR";;"http://architecture.reli2.free.fr/poitiers_ndg.htm"
"Poitiers";;;"Eglise";"Saint Hilaire";"***";"Vienne";"Architecture Religieuse";"FR";;"http://architecture.reli2.free.fr/poitiers_hilaire.htm"
"Quarante";;;"Eglise";"Sainte Marie";"***";"Hérault";"Architecture Religieuse";"FR";;"http://architecture.reli2.free.fr/quarante.htm"
"Rieux Minervois";;;"Eglise";"Notre Dame";"***";"Aude";"Architecture Religieuse";"FR";;"http://architecture.reli2.free.fr/rieux.htm"
"Rouen";;;"Eglise";"Saint Ouen";"***";"Seine Maritime";"Architecture Religieuse";"FR";;"http://architecture.relig.free.fr/ouen.htm"
"Saint Quentin";;;"Basilique";"Saint Quentin";"***";"Aisne";"Architecture Religieuse";"FR";;"http://architecture.reli2.free.fr/quentin.htm"
"Saintes";;;"Eglise";"Saint Eutrope";"***";"Charente Maritimes";"Architecture Religieuse";"FR";;"http://architecture.relig.free.fr/saintes_eutrope.htm"
"Saintes";;;"Eglise";"Saint Pierre";"***";"Charente Maritimes";"Architecture Religieuse";"FR";;"http://architecture.relig.free.fr/saintes_pierre.htm"
"Talmont";;;"Eglise";"Sainte Radegonde";"***";"Charente Maritimes";"Architecture Religieuse";"FR";;"http://architecture.relig.free.fr/talmont.htm"
"Toulouse";;;"Eglise";"Saint Sernin";"***";"Haute Garonne";"Architecture Religieuse";"FR";;"http://architecture.relig.free.fr/sernin.htm"
"Valcabrère";;;"Eglise";"Saint Just  ";"***";"Haute Garonne";"Architecture Religieuse";"FR";;"http://architecture.reli2.free.fr/valcabrere.htm"
"Villeneuve d'Aveyron";;;"Eglise";"Saint Sépulcre";"***";"Aveyron";"Architecture Religieuse";"FR";;"http://architecture.reli2.free.fr/villeneuve_aveyron.htm"
"Montréal";;;"Eglise";;"***";"Aude";"Architecture Religieuse";"FR";;"http://architecture.reli2.free.fr/aude_eglises.htm"
"Chaumont en Vexin";;;"Eglise";;"***";"Oise";"Architecture Religieuse";"FR";;"http://architecture.relig.free.fr/picardie_eglises.htm"
"Morienval";;;"Eglise";"Notre Dame";"***";"Oise";;"FR";;"http://membres.lycos.fr/les35clochers/morhist.html "
"Rocquemont";;;"Eglise";"Saint Laurent";"***";"Oise";;"FR";;"http://membres.lycos.fr/les35clochers/rocquemont.html"
"Bémont";;;"Eglise";"St Laurent";"*";"Oise";;"FR";;"http://membres.lycos.fr/les35clochers/russybemont.html"
"Feigneux";;;"Eglise";"Saint Martin";"*";"Oise";;"FR";;"http://membres.lycos.fr/les35clochers/feigneux.html"
"Duvy";;;"Eglise";"Saint Pierre";"*";"Oise";;"FR";;"http://membres.lycos.fr/les35clochers/duvy.html"
"Auger Saint Vincent";;;"Eglise";"Saint Caprais";"*";"Oise";;"FR";;"http://membres.lycos.fr/les35clochers/augerstv.html"
"Trumilly";;;"Eglise";"Notre Dame";"*";"Oise";;"FR";;"http://membres.lycos.fr/les35clochers/trumilly.html"
"Vérine";;;"Eglise";"St Rieul";"*";"Oise";;"FR";;"http://membres.lycos.fr/les35clochers/verines.html"
"Néry";;;"Eglise";"Saint Martin";"*";"Oise";;"FR";;"http://membres.lycos.fr/les35clochers/nery.html"
"Crépy en Vallois";;;"Eglise";;"*";"Oise";;"FR";;"http://membres.lycos.fr/les35clochers/crepyegl.html"
"Coyolles";;;"Eglise";"Notre Dame";"*";"Oise";;"FR";;"http://membres.lycos.fr/les35clochers/coyolles.html"
;;;"Abbaye";"Notre Dame";"*";"Oise";;"FR";;"http://membres.lycos.fr/les35clochers/parcauxdam.html"
"Morcourt";;;"Eglise";"Notre Dame";"*";"Oise";;"FR";;"http://membres.lycos.fr/les35clochers/morcourt.html"
"Glaignes";;;"Eglise";"Notre Dame";"*";"Oise";;"FR";;"http://membres.lycos.fr/les35clochers/glaignes.html"
"Séry";;;"Eglise";"Sainte Marie";"*";"Oise";;"FR";;"http://membres.lycos.fr/les35clochers/sery.html"
"Longmont";;;"Eglise";"Saint Vaast";"*";"Oise";;"FR";;"http://membres.lycos.fr/les35clochers/stvaast.html"
"Saintimes";;;"Eglise";"Saint Denis";"*";"Oise";;"FR";;"http://membres.lycos.fr/les35clochers/saintines.html"
"Bethisy";;;"Eglise";"Saint Pierre";"*";"Oise";;"FR";;"http://membres.lycos.fr/les35clochers/bethisystpierre.html"
"Orrouy";;;"Eglise";"Saint Rémy";"*";"Oise";;"FR";;"http://membres.lycos.fr/les35clochers/orrouy.html"
"Gilocourt";;;"Eglise";"Saint Martin";"*";"Oise";;"FR";;"http://membres.lycos.fr/les35clochers/gilocourt.html"
"Béthancourt";;;"Eglise";"Saint Sulpice";"*";"Oise";;"FR";;"http://membres.lycos.fr/les35clochers/bethancourt.html"
"Fresnoy la rivière";;;"Eglise";"Saint Denis";"*";"Oise";;"FR";;"http://membres.lycos.fr/les35clochers/fresnoy.html"
"Vattier-Voisin";;;"Eglise";"Saint Marcoul";"*";"Oise";;"FR";;"http://membres.lycos.fr/les35clochers/vattiervoisin.html"
"Pondron";;;"Eglise";"Notre Dame";"*";"Oise";;"FR";;"http://membres.lycos.fr/les35clochers/pondron.html"
"Berval";;;"Eglise";"St Antoine et St Vincent";"*";"Oise";;"FR";;"http://membres.lycos.fr/les35clochers/berval.html"
"Bonneuil en Valois";;;"Eglise";"Saint Martin";"*";"Oise";;"FR";;"http://membres.lycos.fr/les35clochers/bonneuil.html"
"Emeville";;;"Eglise";"Saint Léger";"*";"Oise";;"FR";;"http://membres.lycos.fr/les35clochers/emeville.html"
"Largny";;;"Eglise";"Saint Denis";"*";"Oise";;"FR";;"http://membres.lycos.fr/les35clochers/largny.html"
"Haramont";;;"Eglise";"Saint Clément ";"*";"Oise";;"FR";;"http://membres.lycos.fr/les35clochers/haramont.html"
"Vez";;;"Eglise";"Saint Martin";"*";"Oise";;"FR";;"http://membres.lycos.fr/les35clochers/vezeglise.html"
"Saint Benoît sur Loire";;;"Abbaye";"Saint Fleury";"***";"Auvergne";;"FR";;"http://abbaye.chez.tiscali.fr/index3.htm"
"Clermont-Ferrand";;;"Eglise";"Notre Dame du Port";"***";"Auvergne";;"FR";;"http://perso.wanadoo.fr/marc.champommier/port.html"
"Saint Saturnin";;;"Eglise";"Saint Saturnin";"***";"Auvergne";;"FR";;"http://perso.wanadoo.fr/marc.champommier/st-sat.html"
"Saint Nectaire";;;"Eglise";"Saint Nectaire";"***";"Auvergne";;"FR";;"http://perso.wanadoo.fr/marc.champommier/st-nect.html"
"Orcival";;;"Eglise";"Notre Dame";"***";"Auvergne";;"FR";;"http://perso.wanadoo.fr/marc.champommier/orcival.html"
"Issoire";;;"Eglise";"Saint Ostremoine";"***";"Auvergne";;"FR";;"http://perso.wanadoo.fr/marc.champommier/issoire.html"
"Mozac";;;"Eglise";"Saint Pierre";"***";"Auvergne";;"FR";;"http://perso.wanadoo.fr/marc.champommier/mozac.html"
"Ennezat";;;"Eglise";"Saint-Victor et Sainte-Couronne";"***";"Auvergne";;"FR";;"http://perso.wanadoo.fr/marc.champommier/ennezat.html"
"Orcival";;;"Eglise";"Notre Dame";"**";"Auvergne";"Ministère de la Culture";"FR";;"http://www.culture.fr/culture/inventai/itiinv/orcival/orci01.htm"
"Sénanque";"Provence";"Cistercien";"Abbaye";;"****";;;;;"http://notes.romanes.free.fr/images/cistercien/senanque/photos.htm"
"Warluis";;"Cistercien";"Abbaye";"Saint Arnoult";"**";"Oise";"Contrepoints";"FR";;"http://www.contrepoints.com/adama/abbaye.html"
"Pont Sainte Maxence";;;"Abbaye Royale";"Moncelle";"*";"Oise";;;;"http://www.chantilly-tourisme.com/uk/tourist_sites_next.php"
"Tournus";;;"Abbaye";"Saint Philibert";"**";;"CIER";"FR";;"http://www.art-roman.org/abbaye.htm"
"Chauny";;;;;;;;;;"http://photo.lrx.free.fr/chauny1.htm"
"Ourscamp";;;"Abbaye";;;;;;;"http://photo.lrx.free.fr/ourscamp-1.htm"
"Blérancourt";;;;;;;;;;"http://photo.lrx.free.fr/blerancourt.htm"
"Pierrefond";;;"Château";;;;;;;"http://photo.lrx.free.fr/pierrefonds1.htm"
"Noyon";;;"Cathédrale";;;;;;;"http://photo.lrx.free.fr/noyon.htm"
"Laon";;;"Cathédrale";;;;;;;"http://photo.lrx.free.fr/laon1.htm"
"Prémontré";;;;;;;;;;"http://photo.lrx.free.fr/pierre-1.htm"
"La Thiérache";;;"Eglise";;;;;;;"http://photo.lrx.free.fr/eglifort1.htm"
"Vauclair";;;;;;;;;;"http://photo.lrx.free.fr/vauc_chdame1.htm"
"Soissons ";;;"Cathédrale";;;;;;;"http://photo.lrx.free.fr/soissons1.htm"
"Longpont";;;"Abbaye";;;;;;;"http://photo.lrx.free.fr/longpont.htm"
"Cordelle";;;"Eglise";;;;;;;"http://catholique-sens-auxerre.cef.fr/cordelle/indexar.htm"
